[
  {
    "ParameterKey": "VPCCIDR",
    "ParameterValue": "11.200.13.0/24"
  },
  {
    "ParameterKey": "PublicSubnet1CIDR",
    "ParameterValue": "11.200.13.0/26"
  },
  {
    "ParameterKey": "PublicSubnet2CIDR",
    "ParameterValue": "11.200.13.64/26"
  },
  {
    "ParameterKey": "PrivateSubnet1CIDR",
    "ParameterValue": "11.200.13.128/26"
  },
  {
    "ParameterKey": "PrivateSubnet2CIDR",
    "ParameterValue": "11.200.13.192/26"
  },
  {
    "ParameterKey": "PublicLoadBalancerName",
    "ParameterValue": "blazorapp1"
  },
  {
    "ParameterKey": "PrivateLoadBalancerName",
    "ParameterValue": "blazorapp1-internal"
  },
  {
    "ParameterKey": "ECSClusterName",
    "ParameterValue": "blazorapp1"
  }
]
